{
    "hi":[0, 11.0191, 20.0631, 32.1619, 47.3501, 51.4125, 71.8020, 86, 100, 110, 120, 150,
	                     160, 170, 190, 230, 300, 400, 500, 600, 700],
    "Ti": [288.15, 216.65, 216.65, 228.65, 270.65, 270.65, 214.65, 186.946, 210.65, 260.65, 360.65,
	               960.65, 1110.65, 1210.65, 1350.65, 1550.65, 1830.65, 2160.65, 2420.65, 2590.65, 2700.65],
    "Ri": [287.0, 287.0, 287.0, 287.0, 287.0, 287.0, 287.02, 287.02, 287.84, 291.06, 308.79, 311.80,
	               313.69, 321.57, 336.68, 366.84, 416.88, 463.36, 493.63, 514.08, 514.08],
    "a": [-6.5, 0.0, 1.0, 2.8, 0.0, -2.8, -2.0, 1.693, 5.0, 10.0, 20.0, 15.0, 10.0, 7.0, 5.0,
	                     4.0, 3.3, 2.6, 1.7, 1.1, 0.0],
    "Mi": [28.9644, 28.9644, 28.9644, 28.9644, 28.9644, 28.9644, 28.9644, 28.9644,
	               28.88, 28.56, 28.07, 26.92, 26.66, 26.4, 25.85, 24.7, 22.66, 19.94, 17.94, 16.84, 16.17],
    "constantes": {
        "aceleracao_gravidade": 9.80665,
        "numero_avogadro": 6.0220978e23,
        "diametro_colisao": 3.65e-10,
        "massa_molar_ar": 28.964e-3,
        "pressao_nivel_mar": 1.01325e5,
        "raio_medio_terra": 6378.14e3,
        "razao_calores_especificos": 1.405
    }
}
